Latitude,Longitude,City,Country,Max_Temp,Humidity,Wnd_Spd,Cloudiness,Dates,Pressure
-53.15,-70.9167,Punta Arenas,CL,53.71,82,10.36,75,1644205844,1005
54.7183,135.315,Chumikan,RU,0.86,78,13.82,15,1644205845,1020
-54.8,-68.3,Ushuaia,AR,60.46,67,14.97,40,1644205846,1005
-40.8135,-62.9967,Viedma,AR,60.89,77,8.57,0,1644205848,1019
-21.3585,55.7679,Saint-Philippe,RE,80.19,83,15.12,94,1644205849,1014
-33.0153,27.9116,East London,ZA,70.74,94,4.61,0,1644205201,1014
-33.9258,18.4232,Cape Town,ZA,65.26,85,4.61,75,1644205318,1014
42.6001,-73.9662,Albany,US,20.43,76,3.24,11,1644205139,1028
-26.5833,18.1333,Keetmanshoop,NA,68.92,83,10.36,92,1644205854,1019
-33.6971,-53.4616,Chui,UY,62.26,82,13.44,39,1644205377,1011
6.3711,126.1689,Pundaguitan,PH,80.71,78,17.83,56,1644205857,1011
-42.7826,147.0587,New Norfolk,AU,81.66,27,3.0,0,1644205858,1025
3.0707,172.7902,Butaritari,KI,81.66,76,15.66,63,1644205135,1007
-33.5906,26.891,Port Alfred,ZA,73.33,77,3.91,69,1644205862,1013
62.456,-114.3525,Yellowknife,CA,-4.59,90,3.44,20,1644205864,1000
-23.1203,-134.9692,Rikitea,PF,79.0,72,18.37,12,1644205749,1020
32.6667,-17.1,Ponta do Sol,PT,63.23,70,9.98,8,1644205866,1023
59.1167,159.9667,Palana,RU,14.22,77,8.9,67,1644205867,1012
40.2833,97.2,Yumen,CN,17.69,59,10.38,100,1644205869,1032
22.8909,-109.9124,Cabo San Lucas,MX,67.51,74,5.32,0,1644205870,1012
-42.8794,147.3294,Hobart,AU,82.02,40,8.05,20,1644205651,1022
-10.6167,150.6667,Samarai,PG,84.83,71,11.74,89,1644205873,1006
19.7297,-155.09,Hilo,US,72.25,90,1.01,78,1644205647,1018
46.6166,10.7002,Laas,IT,42.26,96,8.34,100,1644205876,1006
22.2855,114.1577,Hong Kong,HK,65.17,90,1.99,100,1644205788,1016
-20.5167,57.5167,Souillac,MU,78.37,80,10.87,100,1644205878,1013
-1.5746,9.2618,Omboué,GA,76.89,88,5.48,80,1644205880,1010
-34.5322,20.0403,Bredasdorp,ZA,66.27,92,5.06,11,1644205881,1014
29.0361,114.5636,Yining,CN,37.51,100,2.51,100,1644205882,1026
70.4692,-68.5914,Clyde River,CA,-30.77,68,10.36,20,1644205884,1001
-24.7911,-50.0119,Castro,BR,60.96,86,1.79,8,1644205885,1013
-8.9266,125.4092,Airai,TL,74.08,67,2.59,47,1644205124,1010
26.55,82.65,Tāndā,IN,59.36,61,3.31,0,1644205888,1018
44.1003,-70.2148,Lewiston,US,24.31,88,0.0,40,1644205840,1032
-24.8667,113.6333,Carnarvon,AU,78.87,36,20.71,5,1644205890,1009
22.0752,-159.319,Kapaa,US,75.52,71,1.99,20,1644205892,1018
10.5669,72.642,Kavaratti,IN,77.86,67,8.08,12,1644205893,1016
-16.4833,-151.75,Faanui,PF,81.07,75,20.47,90,1644205345,1013
-0.6,73.0833,Hithadhoo,MV,82.51,68,14.41,26,1644205896,1013
77.484,-69.3632,Qaanaaq,GL,-11.63,59,7.0,28,1644205897,998
7.7669,-72.225,San Cristobal,VE,69.98,87,1.52,55,1644205899,1015
40.1629,-8.3327,Lata,PT,45.05,57,4.36,46,1644205780,1030
-21.2,-175.2,Vaini,TO,75.36,100,10.36,100,1644205342,1010
60.7167,-46.0333,Qaqortoq,GL,10.9,56,35.86,100,1644205207,978
38.6979,-9.4215,Cascais,PT,54.05,43,5.01,10,1644205904,1029
69.7008,170.3133,Pevek,RU,-23.94,99,1.16,23,1644205905,1028
3.8167,117.25,Sembakung,ID,82.33,75,1.07,100,1644205908,1011
-30.1811,-50.2056,Cidreira,BR,67.41,74,8.16,6,1644205909,1013
46.4665,-120.6678,Yakima,US,37.83,84,3.44,0,1644205910,1015
-46.1927,168.8643,Mataura,NZ,61.48,38,4.63,6,1644205912,1018
-20.4081,57.7,Mahébourg,MU,78.26,79,11.21,100,1644205805,1013
40.9965,15.6514,Melfi,IT,49.41,91,9.73,28,1644205914,1013
-7.95,110.2833,Bambanglipuro,ID,85.71,65,3.8,100,1644205916,1008
71.9167,114.0833,Saskylakh,RU,-26.64,100,4.34,92,1644205917,1029
70.6333,147.9167,Chokurdakh,RU,-40.05,99,3.74,83,1644205919,1028
35.7333,140.8333,Hasaki,JP,50.29,31,4.41,7,1644205920,1020
5.4112,100.3354,George Town,MY,85.93,78,5.01,20,1644205922,1012
65.85,74.4859,Pangody,RU,-17.7,100,6.31,89,1644205923,1035
-20.3297,-40.2925,Vila Velha,BR,78.75,89,5.99,40,1644205926,1013
49.1215,-85.8403,Manitouwadge,CA,7.52,94,9.22,100,1644205862,1024
63.9242,127.4739,Sangar,RU,-24.09,90,1.9,97,1644205929,1029
-33.65,115.3333,Busselton,AU,70.05,42,19.86,61,1644205920,1009
18.9833,81.4,Gīdam,IN,74.12,32,1.45,92,1644205932,1018
-0.7393,-90.3518,Puerto Ayora,EC,73.54,93,7.52,19,1644205931,1013
-16.9167,145.7667,Cairns,AU,89.29,67,11.5,40,1644205935,1008
38.4681,106.2731,Yinchuan,CN,24.76,74,2.44,100,1644205936,1030
-9.8,-139.0333,Atuona,PF,78.76,78,18.05,32,1644205938,1012
-33.0117,17.9442,Saldanha,ZA,62.65,98,8.59,37,1644205157,1014
-3.8004,102.2655,Bengkulu,ID,83.26,65,11.45,94,1644205376,1011
-11.3847,43.2844,Mitsamiouli,KM,77.29,94,4.61,75,1644205941,1010
64.8569,-147.8028,College,US,-4.41,77,0.0,75,1644205943,999
-31.7719,-52.3425,Pelotas,BR,62.62,82,3.44,0,1644205944,1011
67.4667,78.7,Tazovsky,RU,-25.58,100,3.29,91,1644205946,1035
42.8,93.45,Kumul,CN,29.5,29,9.44,65,1644205947,1030
72.7868,-56.1549,Upernavik,GL,-13.76,100,8.72,100,1644205949,990
63.4453,120.3167,Verkhnevilyuysk,RU,-9.36,95,7.02,100,1644205950,1024
-26.6481,15.1594,Lüderitz,NA,67.33,77,0.45,52,1644205952,1012
-20.7333,139.5,Mount Isa,AU,91.17,33,9.22,32,1644205953,1009
55.7435,-97.8558,Thompson,CA,-5.64,71,4.61,100,1644205357,1014
63.8424,-22.4338,Grindavik,IS,34.27,100,58.7,100,1644205956,970
28.7079,80.5961,Dhangadhi,NP,65.14,65,2.37,31,1644205957,1017
30.4833,-115.95,San Quintín,MX,57.9,48,3.78,0,1644205958,1022
71.9667,102.5,Khatanga,RU,-17.36,98,9.86,100,1644205960,1032
59.7035,30.7861,Nikolskoye,RU,35.87,97,7.11,100,1644205961,991
57.79,-152.4072,Saint Paul Harbor,US,35.11,51,17.27,0,1644205963,990
57.2645,16.4484,Oskarshamn,SE,31.8,86,10.71,49,1644205964,989
-37.6167,-73.65,Lebu,CL,58.86,92,14.92,4,1644205965,1014
69.4541,-133.0374,Tuktoyaktuk,CA,-29.2,68,12.66,75,1644205967,1008
-16.8099,29.6925,Karoi,ZW,60.06,95,4.38,98,1644205683,1014
51.9556,66.4042,Esil,KZ,20.55,95,9.91,100,1644205969,1013
42.097,-79.2353,Jamestown,US,29.79,45,10.36,0,1644205972,1023
2.9167,73.5667,Muli,MV,81.52,64,10.38,17,1644205683,1014
64.8378,-147.7164,Fairbanks,US,-2.9,77,0.0,100,1644205951,998
-0.9,-89.6,Puerto Baquerizo Moreno,EC,73.27,81,9.91,0,1644205977,1014
29.2833,74.3833,Rāwatsār,IN,60.48,53,11.1,4,1644205978,1017
5.8933,95.3214,Sabang,ID,79.21,79,9.66,100,1644205981,1013
54.675,20.1347,Tsimmerbude,RU,37.45,88,17.58,87,1644205982,990
-7.9667,31.6167,Sumbawanga,TZ,56.95,95,2.86,100,1644205984,1015
-8.0089,-34.8553,Olinda,BR,82.13,69,5.75,75,1644205985,1012
-13.7,-76.2167,Pisco,PE,66.02,94,4.61,40,1644205987,1014
41.3712,-73.414,Bethel,US,28.04,83,0.0,75,1644205988,1032
-28.55,16.4333,Oranjemund,NA,65.48,78,6.29,6,1644205990,1012
-32.7167,152.15,Nelson Bay,AU,77.09,62,4.0,38,1644205991,1017
57.8,158.6667,Tigil',RU,20.28,78,8.93,63,1644205992,1009
31.3411,69.4481,Zhob,PK,44.96,63,3.33,1,1644205994,1019
-0.7167,-48.5233,Soure,BR,76.98,89,6.64,100,1644205995,1011
11.472,49.8728,Qandala,SO,74.62,60,5.01,7,1644205997,1016
26.1615,32.7183,Qena,EG,46.51,52,4.03,0,1644205998,1022
6.6221,73.07,Kulhudhuffushi,MV,80.85,66,9.08,23,1644206000,1015
31.6,131.3667,Nichinan,JP,47.88,43,0.96,98,1644206001,1024
2.8197,-60.6733,Boa Vista,BR,82.38,65,11.5,75,1644206003,1012
-43.3002,-65.1023,Rawson,AR,63.25,52,17.45,0,1644205933,1016
29.9697,40.2064,Sakakah,SA,40.57,61,4.41,0,1644206007,1024
42.2506,-75.833,Broome,US,23.9,68,1.01,0,1644205921,1028
54.8932,44.2963,Imeni Stepana Razina,RU,11.89,98,4.41,99,1644206010,1010
-46.2817,169.8464,Kaitangata,NZ,59.94,80,6.76,39,1644206012,1020
-2.9667,-47.4833,Paragominas,BR,71.47,99,1.7,100,1644206013,1011
60.9167,-46.05,Narsaq,GL,9.68,76,11.83,100,1644206017,977
21.65,-101.5,Ocampo,MX,52.45,38,5.59,87,1644206019,1017
18.8333,100.6667,Nan,TH,75.22,69,2.3,0,1644206020,1015
69.4865,88.3972,Talnakh,RU,-27.45,97,1.52,56,1644206021,1034
60.7522,-137.5108,Haines Junction,CA,40.95,38,10.36,43,1644206023,987
23.4517,108.5881,Dafeng,CN,55.06,94,4.65,100,1644206024,1019
-34.4187,19.2345,Hermanus,ZA,66.79,93,4.0,55,1644206025,1014
50.7214,136.6319,Solnechnyy,RU,5.61,89,3.44,100,1644205975,1020
-12.0667,134.2667,Maningrida,AU,89.29,60,6.04,89,1644206028,1006
4.423,-7.3528,Tabou,CI,78.6,83,4.83,100,1644206029,1010
-46.6,168.3333,Bluff,NZ,61.81,67,13.67,0,1644205999,1021
62.0788,150.477,Sinegor'ye,RU,-10.39,74,0.34,0,1644206032,1025
-31.9333,115.8333,Perth,AU,74.17,52,17.27,75,1644206033,1010
46.4333,26.4,Asău,RO,33.76,71,7.49,100,1644206036,1004
46.7779,9.6762,Arosa,CH,26.69,92,10.11,100,1644206037,1010
10.9878,-74.9547,Puerto Colombia,CO,78.89,81,26.4,0,1644206039,1011
8.8243,125.1042,Gingoog,PH,81.95,59,7.0,93,1644206040,1012
28.017,-97.5169,San Patricio,US,57.18,83,11.14,100,1644206042,1023
38.5167,-28.7,Ribeira Grande,PT,61.0,83,16.71,10,1644206043,1027
51.5664,32.9586,Korop,UA,23.38,93,10.4,84,1644206045,1004
-13.8833,167.55,Sola,VU,82.6,80,21.77,100,1644206046,1005
50.2334,-63.5986,Havre-St-Pierre,CA,10.99,78,11.5,100,1644206048,1034
17.9583,-102.2,Lázaro Cárdenas,MX,74.08,70,4.25,11,1644206049,1014
57.0531,-135.33,Sitka,US,40.44,98,4.68,100,1644206052,996
-19.0595,-169.9187,Alofi,NU,82.29,18,4.61,100,1644205935,1010
66.0449,-17.3389,Husavik,IS,24.71,74,21.21,100,1644205952,997
41.9563,42.9566,Khani,GE,24.37,86,5.82,89,1644206058,1028
34.8298,-82.6015,Easley,US,42.49,48,1.01,100,1644205884,1027
6.2282,120.5631,Pandan Niog,PH,81.99,72,5.28,96,1644206061,1010
39.5108,54.3671,Balkanabat,TM,38.12,57,5.48,72,1644206062,1023
40.5982,-124.1573,Fortuna,US,45.66,92,3.42,0,1644205930,1025
40.6168,-74.4173,Plainfield,US,31.95,86,0.0,100,1644206065,1031
-0.7193,8.7815,Port-Gentil,GA,79.7,84,10.65,34,1644206066,1009
14.8961,-24.4956,São Filipe,CV,71.98,76,6.04,8,1644206068,1013
48.3835,-77.2328,Senneterre,CA,12.42,94,7.81,100,1644206069,1020
50.6996,-127.4199,Port Hardy,CA,47.75,81,18.41,100,1644206071,1018
54.5163,-128.6035,Terrace,CA,39.11,100,0.0,100,1644205842,1007
-38.0023,-57.5575,Mar del Plata,AR,63.88,79,23.0,40,1644206019,1017
-30.3,153.1333,Coffs Harbour,AU,73.36,78,17.27,100,1644206074,1016
29.6195,51.6541,Kāzerūn,IR,44.11,61,3.09,0,1644206076,1020
65.282,-126.8329,Norman Wells,CA,-12.96,70,18.41,100,1644206080,1003
-22.9661,-42.0278,Arraial do Cabo,BR,75.09,92,17.18,1,1644206081,1010
-28.783,32.0377,Richards Bay,ZA,71.91,90,2.77,85,1644206082,1016
60.3778,92.6267,Teya,RU,4.66,98,3.09,94,1644205962,1025
18.3851,42.4509,Faya,SA,50.52,85,3.09,8,1644206085,1018
-15.1961,12.1522,Mossamedes,AO,72.34,70,7.25,94,1644206086,1011
26.5921,12.7805,Ubari,LY,50.61,25,7.16,52,1644206088,1022
-20.3428,57.7575,Bambous Virieux,MU,78.22,79,10.63,100,1644206089,1013
-28.65,153.6167,Byron Bay,AU,78.87,57,18.37,79,1644206087,1015
45.0205,-93.218,Saint Anthony,US,10.0,70,3.0,0,1644205947,1024
49.7834,-74.8492,Chapais,CA,4.78,96,4.88,100,1644206094,1023
26.1842,127.7558,Nishihara,JP,69.08,56,12.66,75,1644206097,1022
20.5169,-13.0499,Atar,MR,68.36,12,5.95,2,1644206098,1013
43.3665,-124.2179,Coos Bay,US,49.01,91,0.0,0,1644205840,1026
-41.8697,-73.8203,Ancud,CL,54.93,90,0.65,5,1644206101,1015
57.4129,-6.1942,Portree,GB,39.85,80,7.78,100,1644206102,1015
45.3333,122.7833,Guangming,CN,18.73,68,4.81,1,1644206104,1026
68.75,161.3,Cherskiy,RU,-29.07,100,1.45,33,1644206105,1026
-12.2569,44.5319,Domoni,KM,80.15,83,11.05,42,1644206106,1011
-39.4556,173.8583,Opunake,NZ,69.62,91,18.03,100,1644206108,1013
42.1584,-72.3287,Palmer,US,21.85,77,0.0,20,1644206109,1034
65.8167,87.9833,Turukhansk,RU,-24.54,100,3.11,58,1644206111,1032
70.3705,31.1107,Vardø,NO,21.4,82,20.69,52,1644205869,989
-32.5,137.7667,Port Augusta,AU,91.71,16,15.57,14,1644206113,1011
-17.7125,-39.2481,Caravelas,BR,75.47,89,5.55,50,1644206115,1012
-3.6954,128.1814,Ambon City,ID,89.74,66,8.05,40,1644206116,1008
18.4167,-64.6167,Road Town,VG,75.99,72,23.13,85,1644206016,1017
4.6374,103.4368,Paka,MY,80.53,89,6.91,40,1644206119,1011
29.5542,66.0215,Nushki,PK,53.31,24,2.3,6,1644206120,1018
11.4045,-69.6734,Coro,VE,75.31,88,11.63,16,1644206122,1013
69.2167,-51.1,Ilulissat,GL,-3.98,98,9.31,100,1644206123,988
29.0331,21.5482,Jalu,LY,54.41,35,7.09,1,1644206124,1023
42.7846,75.6892,Kemin,KG,31.75,98,3.58,100,1644206126,1028
17.9833,-102.2333,La Orilla,MX,73.09,70,4.16,9,1644206127,1014
11.7751,-72.4445,Manaure,CO,76.91,81,12.53,2,1644206129,1013
-45.8667,-67.5,Comodoro Rivadavia,AR,60.66,63,4.61,0,1644206130,1014
69.3143,16.1194,Andenes,NO,31.98,69,11.5,100,1644206131,982
45.5234,-122.6762,Portland,US,48.94,85,1.01,20,1644205992,1023
52.9209,87.9869,Sheregesh,RU,17.74,80,2.28,99,1644206134,1029
-32.25,148.6167,Dubbo,AU,78.93,38,10.36,75,1644206135,1018
50.3828,106.1056,Naushki,RU,6.35,81,5.57,42,1644206137,1033
-33.5907,22.2014,Oudtshoorn,ZA,64.76,43,0.56,1,1644205986,1014
40.5012,16.4547,Ferrandina,IT,48.06,87,2.95,6,1644206140,1014
63.7506,-68.5145,Iqaluit,CA,-40.27,67,2.3,0,1644206141,1012
63.4427,-20.2734,Vestmannaeyjar,IS,36.81,98,63.04,100,1644206142,978
50.7833,121.5167,Genhe,CN,7.43,75,3.83,55,1644206145,1024
15.7432,-96.4661,Pochutla,MX,76.82,81,3.24,0,1644206146,1015
37.9887,-84.4777,Lexington,US,30.33,83,4.61,0,1644205970,1022
71.2906,-156.7887,Barrow,US,-27.38,68,14.97,0,1644205863,1022
35.0653,36.3406,Maşyāf,SY,42.85,95,1.23,90,1644206150,1021
-2.9248,-39.9167,Itarema,BR,77.88,81,9.53,2,1644206152,1010
55.4505,54.3145,Verkhneyarkeyevo,RU,18.32,97,2.33,100,1644206153,1011
63.05,179.3167,Beringovskiy,RU,-15.81,94,5.12,16,1644206154,1023
47.766,-116.7866,Hayden,US,32.56,91,5.75,0,1644206156,1003
33.0833,-16.3333,Camacha,PT,59.76,67,14.97,75,1644206159,1024
20.7903,70.7031,Kodīnar,IN,68.81,56,3.69,5,1644206094,1017
68.8193,-51.1922,Qasigiannguit,GL,-4.45,96,9.33,100,1644206161,989
31.6128,55.4107,Bāfq,IR,44.08,34,0.63,0,1644206163,1018
-21.2078,-159.775,Avarua,CK,80.65,69,8.05,40,1644205933,1014
60.1432,-45.2371,Nanortalik,GL,16.72,60,48.92,100,1644206165,979
73.5069,80.5464,Dikson,RU,-12.53,97,16.62,100,1644206167,1030
68.5333,146.4167,Belaya Gora,RU,-38.02,98,1.95,97,1644206168,1028
63.7256,8.834,Sistranda,NO,40.89,61,24.65,100,1644206169,989
-33.8667,121.9,Esperance,AU,76.84,49,26.35,14,1644206171,1003
10.5,10.0,Bauchi,NG,57.99,30,4.16,0,1644206172,1014
5.2618,-0.759,Mumford,GH,78.93,85,6.17,81,1644206174,1009
-5.1989,-35.4608,Touros,BR,79.7,77,8.48,15,1644206175,1011
12.0483,-84.9936,Villa Sandino,NI,65.34,94,6.42,0,1644206178,1016
13.0833,109.3,Tuy Hoa,VN,78.19,80,7.29,68,1644206156,1015
-2.0226,147.2712,Lorengau,PG,84.29,73,7.43,99,1644206180,1007
-20.7377,116.8463,Karratha,AU,91.54,57,13.22,74,1644206182,1004
61.67,96.37,Baykit,RU,0.0,95,2.35,45,1644206183,1026
34.06,72.8894,Khalabat,PK,54.88,69,5.7,95,1644206185,1020
65.3718,58.0387,Synya,RU,5.92,93,3.44,100,1644206186,1018
60.34,102.2797,Vanavara,RU,-5.03,95,2.98,100,1644206187,1025
8.2,-59.7833,Mabaruma,GY,72.93,98,2.73,100,1644206189,1013
35.1333,140.3,Katsuura,JP,46.44,31,2.42,25,1644206190,1020
29.9737,32.5263,Suez,EG,52.56,70,3.49,0,1644206192,1023
-36.7167,-73.1167,Talcahuano,CL,62.28,77,3.44,0,1644206193,1012
-16.1167,23.2667,Senanga,ZM,65.68,93,8.05,100,1644206194,1010
50.6789,156.125,Severo-Kuril'sk,RU,31.41,81,9.33,100,1644206196,996
57.9727,-3.978,Golspie,GB,37.54,89,6.55,73,1644206197,1014
27.9167,96.1667,Tezu,IN,64.94,43,2.77,1,1644206199,1018
69.3833,178.4167,Leningradskiy,RU,-27.76,100,2.86,62,1644206200,1031
12.2188,125.4808,Alugan,PH,80.33,81,16.84,67,1644205969,1013
11.2833,-15.8333,Bubaque,GW,76.21,70,8.57,13,1644206203,1010
-28.0,153.4333,Gold Coast,AU,84.16,70,5.99,40,1644206204,1013
56.3316,28.8988,Idritsa,RU,32.59,98,12.73,100,1644206206,989
49.9333,116.8667,Dauriya,RU,7.74,92,6.69,62,1644206207,1026
64.5667,143.2,Ust-Nera,RU,-14.17,84,2.35,15,1644206209,1029
-20.5667,164.2833,Koumac,NC,81.61,86,21.18,100,1644206210,1000
14.6937,-17.4441,Dakar,SN,69.93,94,2.3,0,1644206211,1011
39.9001,-79.7164,Uniontown,US,28.42,87,4.38,51,1644206213,1028
-7.4362,37.7034,Kisanga,TZ,72.68,96,3.15,100,1644206214,1012
41.1702,75.8106,At-Bashi,KG,15.35,91,1.07,100,1644206215,1033
33.7333,135.9833,Shingū,JP,45.59,37,9.78,75,1644206217,1022
-15.4311,-74.6158,Acarí,PE,73.62,73,3.49,16,1644206218,1015
68.0531,39.5131,Ostrovnoy,RU,11.34,88,17.83,16,1644206220,998
6.3163,8.1169,Abakaliki,NG,73.9,67,2.66,0,1644206221,1010
42.975,144.3747,Kushiro,JP,32.95,47,3.44,75,1644206222,1011
-3.3667,135.4833,Nabire,ID,83.01,72,2.53,100,1644206224,1008
16.8333,75.7,Bijapur,IN,76.73,45,7.67,63,1644206225,1016
-46.1333,167.6833,Tuatapere,NZ,61.83,46,8.03,0,1644205991,1019
-13.3128,35.2406,Lichinga,MZ,62.69,100,6.91,75,1644206228,1018
48.4475,27.4168,Sokyryany,UA,36.52,63,11.1,100,1644206230,1003
-21.3393,55.4781,Saint-Pierre,RE,80.28,74,4.61,0,1644206231,1012
7.4167,81.8167,Kalmunai,LK,79.83,75,10.6,59,1644206233,1015
-10.1667,123.5833,Kupang,ID,85.44,72,9.8,35,1644206234,1008
47.6666,-52.7314,Torbay,CA,12.88,78,18.41,75,1644205959,1035
78.2186,15.6401,Longyearbyen,SJ,17.44,73,4.61,0,1644205990,988
20.9,70.3667,Verāval,IN,68.13,62,7.25,5,1644206238,1017
63.0734,40.3329,Yemtsa,RU,8.29,94,6.76,63,1644206240,1002
64.2539,-15.2082,Hofn,IS,33.1,79,24.65,100,1644206242,1000
4.8699,-2.2405,Esim,GH,77.72,88,4.21,86,1644206243,1009
20.0058,110.3542,Qiongshan,CN,76.98,78,8.95,75,1644206244,1016
-0.9131,122.8766,Biak,ID,85.53,61,2.46,95,1644206246,1009
50.0983,45.416,Kamyshin,RU,24.22,94,4.32,86,1644206247,1015
9.4352,118.5492,Aborlan,PH,83.05,69,11.88,94,1644206249,1012
14.35,121.0167,City of San Pedro,PH,85.23,71,8.05,75,1644206250,1014
41.1125,20.0822,Elbasan,AL,41.72,91,2.21,43,1644206177,1016
-38.3667,178.3,Tolaga Bay,NZ,67.53,98,10.92,100,1644206253,1014
4.2323,100.6298,Lumut,MY,82.76,83,1.14,20,1644206254,1012
66.9395,-53.6735,Sisimiut,GL,4.64,94,18.54,100,1644206256,992
66.8333,70.8333,Yar-Sale,RU,-8.64,99,9.93,45,1644206257,1032
5.6667,73.0,Ugoofaaru,MV,81.12,70,10.63,75,1644206258,1015
10.3854,-9.3057,Kankan,GN,69.22,17,3.87,0,1644206260,1011
64.5011,-165.4064,Nome,US,-20.92,91,8.72,8,1644206262,1009
53.0667,11.8667,Perleberg,DE,36.9,88,16.22,61,1644206264,1001
-0.8667,134.0833,Manokwari,ID,83.16,68,7.11,92,1644206265,1008
4.1363,96.1285,Meulaboh,ID,79.63,81,3.76,98,1644206267,1013
-29.9533,-71.3436,Coquimbo,CL,64.13,82,4.61,100,1644206269,1015
-45.4167,167.7167,Te Anau,NZ,71.31,39,1.32,26,1644206272,1017
23.7,113.0333,Qingyuan,CN,55.38,95,3.87,100,1644206273,1020
-31.4135,-64.1811,Córdoba,AR,56.25,84,5.75,0,1644206275,1021
-3.3783,-68.8725,São Paulo de Olivença,BR,72.52,98,2.35,98,1644206276,1012
28.3667,129.4833,Naze,JP,56.32,60,6.26,100,1644206277,1023
-24.1125,-49.3317,Itararé,BR,65.75,95,3.29,51,1644205985,1012
14.906,105.0784,Det Udom,TH,90.28,43,2.82,77,1644206280,1013
62.2349,44.9985,Verkhnyaya Toyma,RU,-3.86,100,4.52,99,1644206281,1009
28.5004,-13.8627,Puerto del Rosario,ES,64.15,88,17.27,17,1644206283,1018
-8.4667,140.3333,Merauke,ID,86.61,64,9.31,64,1644206284,1007
36.7366,-6.437,Chipiona,ES,51.31,87,6.91,0,1644206286,1026
4.9333,-52.3333,Cayenne,GF,80.1,87,4.0,75,1644206287,1012
62.0025,132.4325,Churapcha,RU,-16.67,92,3.4,96,1644206289,1027
34.9833,139.8667,Tateyama,JP,49.14,40,0.38,45,1644206290,1020
13.8333,-88.9167,El Salvador,SV,72.05,62,3.02,65,1644206291,1015
55.4624,29.9816,Haradok,BY,31.78,98,14.7,100,1644206293,992
-6.75,23.95,Gandajika,CD,64.69,99,1.21,100,1644206294,1012
-21.6403,-41.0511,São João da Barra,BR,75.63,88,16.71,2,1644206296,1011
45.6333,85.1833,Baijiantan,CN,7.9,84,5.57,4,1644206297,1037
40.2039,140.0242,Noshiro,JP,32.94,79,20.09,100,1644206298,1020
-8.0742,-39.1192,Salgueiro,BR,80.96,47,6.46,88,1644206300,1011
38.7333,-27.0667,Praia da Vitória,PT,59.76,94,16.28,75,1644205974,1029
-0.3582,42.5454,Kismayo,SO,78.01,81,17.09,87,1644206303,1011
-9.8756,-56.0861,Alta Floresta,BR,71.55,97,1.66,96,1644206304,1011
41.5061,122.7242,Liaozhong,CN,28.89,38,2.06,72,1644206306,1030
50.1,1.8333,Abbeville,FR,44.56,75,14.56,6,1644206307,1022
36.365,6.6147,Constantine,DZ,36.81,93,1.14,20,1644206308,1026
-19.0092,-57.6533,Corumbá,BR,73.31,93,1.95,100,1644206310,1012
58.4786,41.53,Buy,RU,2.64,99,5.32,99,1644206311,1007
-25.2406,130.9889,Yulara,AU,91.24,17,13.8,0,1644206313,1010
22.6222,88.4169,Dum Dum,IN,69.06,82,4.61,31,1644206314,1017
50.8523,37.3574,Yablonovo,RU,31.86,94,9.84,98,1644206315,1011
36.8695,42.994,Dahuk,IQ,36.3,71,4.43,8,1644206317,1024
19.8,75.5333,Pīpri,IN,68.58,52,0.0,86,1644206318,1017
-19.6772,-51.1908,Paranaíba,BR,72.19,96,2.57,100,1644206320,1012
71.6872,128.8694,Tiksi,RU,-17.91,98,6.55,100,1644205979,1028
65.6145,-37.6368,Tasiilaq,GL,17.29,56,60.87,100,1644206323,970
-17.8786,36.8883,Quelimane,MZ,76.95,94,8.05,75,1644206325,1007
51.226,-58.6502,Saint-Augustin,CA,-25.44,92,4.59,20,1644206326,1036
-19.55,169.2667,Isangel,VU,82.51,94,13.8,100,1644206329,1002
60.3964,-1.353,Brae,GB,39.11,58,27.51,96,1644206331,1007
53.3925,-2.5802,Warrington,GB,42.98,87,1.01,40,1644206286,1021
56.1481,113.4267,Severomuysk,RU,-0.63,91,3.02,99,1644206334,1025
65.6118,72.6842,Staryy Nadym,RU,-13.63,100,9.44,96,1644206335,1034
61.0064,36.4481,Vytegra,RU,16.99,91,12.55,99,1644206336,998
31.6546,-106.3033,Socorro,US,46.26,40,19.01,5,1644206338,1027
51.9,-1.1536,Bicester,GB,39.67,86,10.16,7,1644206340,1022
-34.5833,150.8552,Flinders,AU,74.8,67,13.0,43,1644205978,1017
28.6585,-17.9182,Los Llanos de Aridane,ES,61.12,71,18.99,75,1644206343,1016
44.0805,-103.231,Rapid City,US,41.54,46,1.01,63,1644205947,1024
44.8408,-93.2983,Bloomington,US,9.63,72,3.0,59,1644206346,1025
39.0062,-77.4286,Sterling,US,33.15,59,0.0,100,1644206347,1032
2.5345,34.6666,Moroto,UG,68.9,43,4.27,91,1644206348,1012
16.4202,119.9279,Binabalian Ricor,PH,80.17,70,6.67,11,1644206350,1014
65.6835,-18.0878,Akureyri,IS,24.73,80,16.11,20,1644206351,999
14.1022,-1.6306,Djibo,BF,64.58,14,9.82,0,1644206352,1013
-0.2202,100.6308,Payakumbuh,ID,81.99,60,3.33,100,1644206354,1012
12.1667,-14.75,Bafatá,GW,69.66,77,2.71,6,1644206355,1010
58.2,7.9,Strai,NO,37.63,74,6.91,12,1644206358,995
-7.4706,-34.8086,Pitimbu,BR,75.79,73,7.96,6,1644206359,1011
42.207,-71.6856,Grafton,US,21.38,82,8.05,75,1644206187,1032
19.2167,-98.8083,Miraflores,MX,59.04,64,4.03,15,1644206362,1020
32.7701,-108.2803,Silver City,US,37.36,46,1.01,75,1644206364,1028
-9.1061,124.8925,Atambua,ID,84.07,66,5.61,30,1644206366,1009
-28.2939,-49.9317,São Joaquim,BR,48.27,96,1.23,30,1644206367,1016
35.1981,-111.6513,Flagstaff,US,35.26,32,16.11,0,1644206072,1027
-15.5333,167.1667,Luganville,VU,85.37,72,8.63,100,1644206370,1003
35.5729,53.3971,Semnan,IR,35.92,64,2.48,92,1644206371,1020
36.6177,-121.9166,Pacific Grove,US,59.58,79,3.0,0,1644206372,1023
22.6783,-3.9836,Taoudenni,ML,63.97,15,9.64,29,1644206374,1017
5.8833,-55.0833,Nieuw Amsterdam,SR,78.03,90,7.78,94,1644206375,1012
53.6809,-1.499,Wakefield,GB,38.5,78,8.1,2,1644206377,1020
5.7833,36.5667,Bako,ET,66.22,37,3.51,15,1644206379,1013
-2.6833,111.6167,Pangkalanbuun,ID,75.97,93,2.3,100,1644206381,1010
53.1333,132.9,Tokur,RU,0.12,81,1.14,86,1644206382,1021
45.475,16.7819,Kutina,HR,51.78,72,10.27,100,1644206383,1005
15.1139,37.5928,Barentu,ER,57.49,61,4.63,5,1644206385,1014
34.6391,-120.4579,Lompoc,US,58.51,79,5.75,0,1644206159,1023
56.3444,114.8794,Taksimo,RU,1.63,93,1.48,100,1644206387,1028
32.3502,-85.1999,Russell,US,47.91,72,5.84,100,1644206389,1026
-34.4833,-54.3333,Rocha,UY,63.54,81,15.01,99,1644206391,1011
18.8003,110.3967,Wanning,CN,75.27,83,8.12,61,1644206393,1015
-6.2842,107.8106,Pamanukan,ID,82.63,78,10.89,100,1644206394,1010
34.3834,-86.3333,Marshall,US,40.71,75,4.61,0,1644206395,1024
59.7,150.1667,Arman',RU,12.02,75,6.06,75,1644206397,1015
-18.475,-70.3042,Arica,CL,66.43,72,0.0,0,1644206213,1016
35.0,132.2167,Gōtsuchō,JP,44.74,51,12.71,85,1644206399,1025
-12.974,40.5178,Pemba,MZ,76.28,85,7.16,20,1644206401,1009
20.5022,-10.0711,Adrar,MR,62.44,11,9.75,2,1644206403,1015
-3.4324,119.3435,Polewali,ID,85.32,74,3.15,96,1644206406,1009
-10.7081,-48.4172,Porto Nacional,BR,73.62,92,0.63,100,1644206411,1011
-17.8833,15.0667,Ongandjera,NA,67.82,87,10.56,100,1644206414,1012
-33.918,25.5701,Port Elizabeth,ZA,70.65,75,3.89,18,1644206415,1013
-35.7167,150.1833,Batemans Bay,AU,73.2,60,10.6,53,1644206417,1022
62.2266,-6.589,Klaksvík,FO,29.32,48,10.09,100,1644206419,1009
33.194,-82.5271,Avera,US,40.71,57,6.38,99,1644206421,1027
36.2111,-115.0731,Sunrise Manor,US,58.32,20,1.99,0,1644206423,1028
71.0357,27.8492,Mehamn,NO,17.83,82,13.78,89,1644206425,985
11.6667,92.75,Port Blair,IN,82.44,74,11.5,40,1644206427,1013
-26.3667,-70.05,Diego de Almagro,CL,64.99,34,0.56,0,1644206429,1014
48.4001,-89.3168,Thunder Bay,CA,8.58,71,4.61,75,1644206359,1023
29.2747,82.1838,Jumla,NP,48.33,33,3.0,87,1644206431,1015
63.0128,112.4714,Chernyshevskiy,RU,-3.77,93,3.96,100,1644206433,1024
32.2486,72.1108,Mitha Tiwana,PK,59.05,49,5.23,3,1644206434,1019
37.3489,-108.5859,Cortez,US,27.7,40,4.47,0,1644206436,1032
-35.1667,173.1667,Ahipara,NZ,74.97,96,6.35,98,1644206437,1008
65.3667,64.6667,Muzhi,RU,-24.52,100,0.63,100,1644206439,1030
49.8167,-94.4337,Kenora,CA,-13.02,100,2.3,92,1644206440,1027
23.05,84.55,Gumlā,IN,66.58,22,2.86,2,1644206441,1018
37.5683,126.9778,Seoul,KR,34.99,30,2.3,0,1644206160,1029
1.1667,108.9667,Pemangkat,ID,80.47,81,4.9,100,1644206444,1010
59.7775,30.8181,Otradnoye,RU,37.04,97,7.07,100,1644206445,991
46.5331,48.3456,Krasnyy Yar,RU,30.13,95,7.38,100,1644206447,1018
66.6572,66.4183,Labytnangi,RU,-19.82,100,1.14,100,1644206448,1031
42.9019,133.9064,Preobrazheniye,RU,20.64,40,5.23,4,1644206450,1021
-8.19,114.9675,Banjar,ID,87.66,71,6.85,98,1644206167,1009
-15.7667,128.7333,Kununurra,AU,89.58,62,6.91,100,1644206452,1007
8.5711,81.2335,Trincomalee,LK,80.98,68,12.08,80,1644206454,1015
-34.0033,24.7314,Kruisfontein,ZA,68.23,68,5.61,0,1644205977,1014
6.0667,-8.1281,Zwedru,LR,70.88,99,1.7,98,1644206456,1010
48.9167,2.3333,Arrondissement de Saint-Denis,FR,44.24,76,5.01,0,1644206458,1019
41.1231,80.2644,Aksu,CN,26.51,36,0.67,100,1644206427,1031
24.6877,46.7219,Riyadh,SA,49.89,46,2.59,0,1644206416,1024
46.3597,8.9697,Biasca,CH,48.51,97,3.04,100,1644206463,1008
10.4396,45.0143,Berbera,SO,76.59,78,4.05,71,1644206464,1015
22.5667,59.5289,Sur,OM,71.2,60,13.58,0,1644206465,1016
36.9357,-2.1337,Campohermoso,ES,48.52,84,4.07,0,1644206467,1027
36.8197,21.7049,Methóni,GR,56.21,82,7.18,74,1644206468,1019
42.1167,118.7833,Mujiayingzi,CN,23.54,40,6.26,94,1644206470,1029
-1.6195,11.6068,Mimongo,GA,67.84,99,1.54,43,1644206471,1011
35.2442,129.2139,Gijang,KR,38.28,20,1.83,55,1644206474,1026
-9.0763,143.2092,Daru,PG,84.69,73,3.11,99,1644206475,1007
-34.7333,135.8667,Port Lincoln,AU,79.45,48,18.54,0,1644206425,1012
63.3667,47.9167,Blagoyevo,RU,13.15,96,5.06,93,1644206478,1009
45.123,-92.5366,New Richmond,US,11.88,66,8.05,100,1644206479,1024
61.9875,5.1352,Raudeberg,NO,39.2,87,1.99,87,1644206480,993
25.5198,90.2201,Tura,IN,64.18,50,2.91,1,1644206482,1018
11.8,76.6833,Gundlupēt,IN,70.97,60,3.4,38,1644206485,1017
39.447,-86.1758,Bud,US,28.81,87,5.82,100,1644206486,1025
54.7682,-101.865,Flin Flon,CA,3.9,96,7.76,100,1644206487,1013
-20.4667,22.7167,Sehithwa,BW,66.45,72,6.82,5,1644206489,1013
-45.5752,-72.0662,Coyhaique,CL,56.43,93,4.65,48,1644206490,1013
-2.5744,150.7967,Kavieng,PG,83.73,71,2.95,65,1644206295,1007
39.2667,141.8833,Kamaishi,JP,31.15,52,16.73,94,1644206493,1018
-8.7676,160.7034,Auki,SB,83.77,80,10.89,100,1644206494,1007
19.1833,-102.85,Tepalcatepec,MX,73.09,42,3.4,19,1644206495,1014
32.7766,-79.9309,Charleston,US,47.01,73,4.0,100,1644206265,1024
64.3833,-173.3,Provideniya,RU,1.51,66,6.71,0,1644206001,1016
49.6311,72.8539,Abay,KZ,16.18,95,11.32,91,1644206499,1022
34.0232,-84.3616,Roswell,US,43.86,56,1.01,60,1644206318,1024
37.4966,61.9714,Murgab,TM,40.39,70,11.99,100,1644206502,1024
34.6667,138.95,Shimoda,JP,44.1,81,3.13,97,1644206503,1020
21.2833,-89.6667,Progreso,MX,71.11,80,11.1,3,1644206505,1018
42.3751,-70.9828,Winthrop,US,25.18,84,4.61,75,1644206506,1035
-24.7989,-53.3067,Corbélia,BR,63.86,61,10.07,25,1644206457,1014
59.2353,163.0719,Ossora,RU,11.82,89,10.83,100,1644206508,1019
8.0,-66.0,Venezuela,VE,80.74,61,17.78,51,1644206510,1011
5.3833,-52.95,Sinnamary,GF,76.75,89,7.85,100,1644206511,1012
-17.0,145.4333,Mareeba,AU,84.67,69,6.6,53,1644206513,1009
-2.7619,-42.2744,Tutóia,BR,78.57,86,8.88,10,1644206514,1010
41.6096,-4.7969,Arroyo de la Encomienda,ES,41.18,66,3.44,0,1644206515,1035
40.7821,72.3442,Andijan,UZ,39.06,81,0.0,100,1644206517,1026
39.1083,39.5471,Tunceli,TR,13.37,85,5.48,8,1644206518,1032
2.4167,30.9855,Paidha,UG,60.8,37,5.77,60,1644206520,1013
24.8,125.2833,Hirara,JP,66.54,66,21.88,100,1644206521,1020
61.95,159.2333,Evensk,RU,3.74,73,7.61,0,1644206523,1021
8.4109,20.6473,Ndélé,CF,64.87,19,7.34,56,1644206525,1013
-12.0432,-77.0282,Lima,PE,68.9,82,5.75,20,1644206333,998
47.5702,-59.1367,Channel-Port aux Basques,CA,15.66,69,5.46,98,1644206527,1038
-18.0607,13.84,Opuwo,NA,68.2,46,2.95,99,1644206529,1013
42.6,-84.3833,Ingham,US,28.02,72,3.44,0,1644206530,1020
48.0,122.7167,Zhalantun,CN,16.36,59,5.44,9,1644206532,1024
57.0186,82.0711,Bakchar,RU,2.8,95,2.93,7,1644206533,1028
6.3654,2.4183,Cotonou,BJ,78.06,84,4.21,64,1644206534,1009
10.9995,122.6711,Dingle,PH,84.38,62,15.14,38,1644206536,1012
47.9077,106.8832,Ulaanbaatar,MN,11.01,72,2.55,16,1644206537,1033
63.7898,74.523,Muravlenko,RU,-17.99,100,7.27,98,1644206539,1035
48.6758,24.4138,Markova,UA,34.84,86,5.26,100,1644206540,1000
31.4229,-103.4932,Pecos,US,51.89,28,18.41,75,1644206541,1027
69.4058,86.1778,Dudinka,RU,-35.75,100,2.42,41,1644206543,1035
46.95,24.05,Ţaga,RO,39.69,95,3.15,100,1644206544,1008
38.4167,77.2406,Shache,CN,29.37,50,1.77,100,1644206546,1028
40.7668,-72.8521,Mastic Beach,US,33.98,82,3.44,75,1644206547,1033
11.1373,123.7228,Sulangan,PH,81.46,71,10.45,60,1644206548,1012
8.5756,-73.0949,El Tarra,CO,74.05,85,0.69,59,1644206550,1014
38.421,-121.4238,Laguna,US,57.34,73,0.0,0,1644206551,1024
25.6667,94.5,Phek,IN,50.63,52,0.56,8,1644206552,1017
-20.4422,-54.8603,Terenos,BR,70.45,90,3.96,100,1644206554,1012
6.8833,73.1,Dhidhdhoo,MV,80.53,69,9.55,12,1644206556,1015
32.6881,128.8419,Fukuechō,JP,44.4,57,9.95,99,1644206558,1026
-3.8367,-62.0569,Codajás,BR,73.08,99,1.66,95,1644206559,1012
43.6702,-7.4101,Cervo,ES,48.33,84,3.91,19,1644206561,1033
58.8053,-122.7002,Fort Nelson,CA,23.86,88,1.14,95,1644206562,999
6.3005,-10.7969,Monrovia,LR,77.43,85,2.3,98,1644206513,1010
1.3292,172.9752,Bairiki Village,KI,86.0,70,9.22,40,1644206565,1007
39.2446,55.5154,Bereket,TM,36.9,75,7.99,86,1644206566,1022
4.9158,29.4742,Maridi,SS,63.12,24,4.85,34,1644206567,1013
15.6035,103.8021,Suwannaphum,TH,82.13,43,1.54,81,1644206569,1013
15.0,-83.2333,Iralaya,HN,73.98,69,6.71,4,1644206570,1016
-20.5929,27.3121,Kalakamati,BW,60.49,84,13.76,15,1644206572,1015
70.0167,135.6,Ust-Kuyga,RU,-34.53,99,4.63,100,1644206573,1030
-6.2167,149.55,Kandrian,PG,88.48,64,8.41,99,1644206574,1006
-4.55,34.85,Mtinko,TZ,60.15,98,1.57,100,1644206576,1015
5.3505,48.5268,Hobyo,SO,76.66,69,18.88,97,1644206577,1014
26.25,81.5333,Jais,IN,60.31,54,2.73,0,1644206579,1018
10.346,107.0843,Vung Tau,VN,81.88,67,9.22,26,1644206580,1012
-19.5167,45.4667,Miandrivazo,MG,77.56,76,7.96,100,1644206422,1008
33.9593,133.3167,Niihama,JP,46.38,46,8.66,76,1644206582,1024
14.9215,-23.5087,Praia,CV,66.74,82,11.5,20,1644206584,1013
-41.45,147.1667,Launceston,AU,80.15,42,4.0,0,1644206331,1025
-34.6667,-54.9167,Departamento de Maldonado,UY,66.22,80,15.32,94,1644206586,1012
-19.2333,17.7167,Tsumeb,NA,67.77,75,7.49,93,1644206588,1012
65.7,82.4667,Krasnosel'kup,RU,-21.87,100,7.45,37,1644206589,1035
-2.0428,-45.9592,Maracaçumé,BR,72.61,98,1.77,96,1644206592,1011
67.45,153.6833,Srednekolymsk,RU,-27.6,97,1.19,28,1644206593,1026
50.2536,-96.0612,Lac du Bonnet,CA,-7.24,99,4.76,97,1644206564,1026
-17.2856,-42.73,Turmalina,BR,65.16,98,0.94,100,1644206596,1014
-23.0264,-45.5553,Taubaté,BR,72.91,99,4.38,100,1644206597,1011
27.45,104.8333,Wufeng,CN,32.34,94,2.68,70,1644206599,1018
-8.5142,-39.31,Cabrobó,BR,78.98,60,14.81,98,1644206600,1011
68.2191,-135.0107,Aklavik,CA,-20.7,89,19.24,100,1644206601,1011
3.8146,23.6866,Bondo,CD,64.47,29,5.23,74,1644206603,1012
17.65,83.2667,Yārāda,IN,77.32,65,2.3,20,1644206606,1017
-11.0964,-77.6139,Hualmay,PE,70.29,80,8.03,100,1644206608,1014
4.3133,-72.0816,Puerto Gaitán,CO,83.43,50,6.11,84,1644206610,1010
62.1444,117.6319,Suntar,RU,3.58,92,4.36,100,1644206612,1021
37.1041,-113.5841,Saint George,US,50.59,27,19.57,0,1644206418,1033
32.4586,114.0486,Minggang,CN,33.28,96,12.17,100,1644206614,1029
1.3038,124.9112,Tondano,ID,80.69,62,7.23,94,1644206616,1010
45.3167,55.2,Beyneu,KZ,28.72,88,6.6,73,1644206617,1019
37.2711,-87.1764,Morehead,US,28.99,98,0.0,0,1644206618,1034
61.994,-49.6678,Paamiut,GL,10.99,80,31.38,100,1644206620,988
1.7427,98.7792,Sibolga,ID,85.75,59,3.58,78,1644206621,1012
-0.9492,100.3543,Padang,ID,86.05,66,1.97,100,1644206623,1012
-6.2167,155.6333,Kieta,PG,86.56,69,11.63,100,1644206625,1007
60.5544,-151.2583,Kenai,US,29.08,93,8.05,100,1644206627,987
12.7794,45.0367,Aden,YE,76.75,67,7.18,97,1644206413,1015
39.05,-27.9833,Lagoa,PT,59.5,84,16.98,6,1644206629,1028
30.7144,111.2847,Yichang,CN,36.46,91,2.62,100,1644206630,1029
65.5833,-171.0,Lavrentiya,RU,-18.74,94,7.56,58,1644206632,1018
49.2499,-55.0482,Lewisporte,CA,2.55,97,5.37,11,1644206633,1037
65.9667,78.3667,Urengoy,RU,-26.16,100,2.13,96,1644206635,1036
22.3082,89.7897,Sarankhola,BD,69.31,46,4.76,77,1644206636,1018
57.1437,-2.0981,Aberdeen,GB,38.5,75,6.91,40,1644206470,1014
3.936,102.3626,Jerantut,MY,83.05,70,3.4,100,1644206638,1012
3.1655,-52.3158,Camopi,GF,71.51,100,1.81,100,1644206640,1012
24.8333,-104.8333,Durango,MX,44.38,67,6.89,7,1644206634,1019
42.2683,118.9636,Chifeng,CN,24.39,39,8.46,69,1644206644,1029
-28.1887,23.5395,Danielskuil,ZA,63.81,67,5.5,1,1644206645,1017
-28.7667,114.6,Geraldton,AU,79.21,34,17.27,40,1644206646,1012
39.4816,62.9137,Seydi,TM,38.26,61,7.11,100,1644206648,1026
30.7,-111.8167,Altar,MX,57.6,21,2.04,0,1644206649,1019
12.485,-16.5469,Oussouye,SN,69.53,76,5.57,2,1644206651,1009
-3.6667,152.4333,Namatanai,PG,85.15,69,7.52,100,1644206652,1007
53.2222,55.9185,Zirgan,RU,15.96,97,4.05,100,1644206653,1012
39.3643,-74.4229,Atlantic City,US,39.99,81,1.19,46,1644206473,1031
60.0625,71.4789,Salym,RU,7.68,95,7.85,100,1644206656,1028
40.4272,71.7189,Yangi Marg`ilon,UZ,38.62,81,6.91,75,1644206657,1024
32.2207,-98.2023,Stephenville,US,43.25,57,4.61,0,1644206371,1026
62.55,155.55,Dukat,RU,-4.97,73,0.96,9,1644206662,1023
21.4447,-157.8378,‘Āhuimanu,US,76.71,72,4.0,20,1644206664,1018
-6.5397,111.0518,Tayu,ID,78.62,87,16.98,100,1644206665,1010
16.5833,82.0167,Amalāpuram,IN,77.38,59,4.07,81,1644206668,1017
-14.4413,-67.5278,Rurrenabaque,BO,68.81,99,2.28,98,1644206669,1015
49.7833,-92.7503,Dryden,CA,-6.81,100,2.75,68,1644206670,1028
37.3807,55.4916,Kalāleh,IR,39.29,63,6.08,51,1644206672,1021
17.0151,54.0924,Salalah,OM,73.49,25,16.11,0,1644206673,1018
-45.8742,170.5036,Dunedin,NZ,61.54,67,13.96,77,1644206675,1019
45.608,34.3172,Yarke Pole,UA,34.03,80,10.51,76,1644206676,1015
-22.6667,167.4833,Vao,NC,81.16,82,13.24,45,1644206677,1001
-2.2717,40.902,Lamu,KE,77.22,86,12.88,100,1644206679,1011
16.5167,-98.75,Barra de Tecoanapa,MX,77.72,75,5.35,28,1644206680,1014
15.8794,108.335,Hoi An,VN,82.36,77,2.51,93,1644206402,1015
2.6708,72.8944,Kudahuvadhoo,MV,81.37,64,11.07,18,1644206683,1014
30.85,-116.0667,Camalú,MX,57.07,40,3.0,0,1644206684,1022
5.8808,-10.0467,Buchanan,LR,77.05,88,5.08,89,1644206685,1010
